# timestamp, confidence, diameter
1.428345460206696987e+09,1.000000000000000000e+00,6.945812225341796875e+01
1.428345460262552977e+09,1.000000000000000000e+00,6.865319061279296875e+01
1.428345460300672054e+09,9.113201233636901710e-01,6.764453125000000000e+01
1.428345460333956957e+09,1.000000000000000000e+00,6.725670623779296875e+01
1.428345460368081093e+09,1.000000000000000000e+00,6.699375915527343750e+01
1.428345460405638933e+09,1.000000000000000000e+00,6.674355316162109375e+01
1.428345460444766045e+09,1.000000000000000000e+00,6.645417022705078125e+01
1.428345460480021000e+09,1.000000000000000000e+00,6.628884124755859375e+01
1.428345460515142918e+09,1.000000000000000000e+00,6.608368682861328125e+01
1.428345460546930075e+09,1.000000000000000000e+00,6.587592315673828125e+01
1.428345460575223923e+09,1.000000000000000000e+00,6.565239715576171875e+01
1.428345460628739119e+09,1.000000000000000000e+00,6.577929687500000000e+01
1.428345460679523945e+09,1.000000000000000000e+00,6.555513763427734375e+01
1.428345460704473019e+09,1.000000000000000000e+00,6.562825012207031250e+01
1.428345460743427992e+09,1.000000000000000000e+00,6.562276458740234375e+01
1.428345460779407978e+09,1.000000000000000000e+00,6.576182556152343750e+01
1.428345460826698065e+09,1.000000000000000000e+00,6.569583892822265625e+01
1.428345460866723061e+09,1.000000000000000000e+00,6.599588775634765625e+01
1.428345460899904966e+09,1.000000000000000000e+00,6.645248413085937500e+01
1.428345460975476980e+09,1.000000000000000000e+00,6.707971191406250000e+01
1.428345461024214983e+09,1.000000000000000000e+00,6.741461181640625000e+01
1.428345461069936991e+09,1.000000000000000000e+00,6.723320770263671875e+01
1.428345461098696947e+09,1.000000000000000000e+00,6.733139801025390625e+01
1.428345461133706093e+09,1.000000000000000000e+00,6.713823699951171875e+01
1.428345461164812088e+09,1.000000000000000000e+00,6.680177307128906250e+01
1.428345461201508999e+09,1.000000000000000000e+00,6.691880798339843750e+01
1.428345461246160030e+09,1.000000000000000000e+00,6.669588470458984375e+01
1.428345461287833929e+09,1.000000000000000000e+00,6.642136383056640625e+01
1.428345461338809013e+09,1.000000000000000000e+00,6.602716827392578125e+01
1.428345461393469095e+09,1.000000000000000000e+00,6.617849731445312500e+01
1.428345461433886051e+09,8.491736414875858951e-01,6.709217834472656250e+01
1.428345461468405962e+09,1.000000000000000000e+00,6.695507049560546875e+01
1.428345461499835014e+09,1.000000000000000000e+00,6.645654296875000000e+01
1.428345461532577038e+09,1.000000000000000000e+00,6.629881286621093750e+01
1.428345461567008018e+09,1.000000000000000000e+00,6.628337097167968750e+01
1.428345461601849079e+09,1.000000000000000000e+00,6.636286163330078125e+01
1.428345461631752014e+09,1.000000000000000000e+00,6.646294403076171875e+01
1.428345461660125971e+09,1.000000000000000000e+00,6.679901885986328125e+01
1.428345461736310959e+09,1.000000000000000000e+00,6.711908721923828125e+01
1.428345461769470930e+09,1.000000000000000000e+00,6.729926300048828125e+01
1.428345461798105955e+09,1.000000000000000000e+00,6.744642639160156250e+01
1.428345461827096939e+09,1.000000000000000000e+00,6.748104858398437500e+01
1.428345461862255096e+09,1.000000000000000000e+00,6.753055572509765625e+01
1.428345461909651995e+09,1.000000000000000000e+00,6.761567687988281250e+01
1.428345461946553946e+09,1.000000000000000000e+00,6.762139892578125000e+01
1.428345461967402935e+09,1.000000000000000000e+00,6.771054077148437500e+01
1.428345462005395889e+09,1.000000000000000000e+00,6.800765991210937500e+01
1.428345462032685995e+09,1.000000000000000000e+00,6.799719238281250000e+01
1.428345462065216064e+09,1.000000000000000000e+00,6.785760498046875000e+01
1.428345462153443098e+09,1.000000000000000000e+00,6.808226013183593750e+01
1.428345462215524912e+09,1.000000000000000000e+00,6.791916656494140625e+01
1.428345462243953943e+09,1.000000000000000000e+00,6.812371063232421875e+01
1.428345462275727987e+09,1.000000000000000000e+00,6.845486450195312500e+01
1.428345462308146000e+09,1.000000000000000000e+00,6.863076782226562500e+01
1.428345462341315985e+09,1.000000000000000000e+00,6.898905944824218750e+01
1.428345462366213083e+09,1.000000000000000000e+00,6.908542633056640625e+01
1.428345462417721033e+09,1.000000000000000000e+00,6.961219787597656250e+01
1.428345462472852945e+09,1.000000000000000000e+00,6.966297149658203125e+01
1.428345462519232988e+09,1.000000000000000000e+00,6.997311401367187500e+01
1.428345462550291061e+09,1.000000000000000000e+00,7.058186340332031250e+01
1.428345462581989050e+09,1.000000000000000000e+00,7.069304656982421875e+01
1.428345462609894037e+09,1.000000000000000000e+00,7.076483917236328125e+01
1.428345462648425102e+09,1.000000000000000000e+00,7.094216156005859375e+01
1.428345462680659056e+09,1.000000000000000000e+00,7.113002014160156250e+01
1.428345462715105057e+09,1.000000000000000000e+00,7.118835449218750000e+01
1.428345462751517057e+09,1.000000000000000000e+00,7.141760253906250000e+01
1.428345462785487890e+09,1.000000000000000000e+00,7.117929840087890625e+01
1.428345462825303078e+09,1.000000000000000000e+00,7.111199188232421875e+01
1.428345462854676008e+09,1.000000000000000000e+00,7.110538482666015625e+01
1.428345462895859003e+09,1.000000000000000000e+00,7.104339599609375000e+01
1.428345462929573059e+09,1.000000000000000000e+00,7.077883911132812500e+01
1.428345462973912954e+09,1.000000000000000000e+00,7.056703948974609375e+01
1.428345463014628887e+09,1.000000000000000000e+00,7.051818084716796875e+01
1.428345463048135042e+09,1.000000000000000000e+00,7.049900817871093750e+01
1.428345463076344013e+09,1.000000000000000000e+00,7.044903564453125000e+01
1.428345463110137939e+09,1.000000000000000000e+00,7.051999664306640625e+01
1.428345463144170046e+09,1.000000000000000000e+00,7.019165039062500000e+01
1.428345463180061102e+09,1.000000000000000000e+00,7.007106781005859375e+01
1.428345463210875034e+09,1.000000000000000000e+00,6.989929199218750000e+01
1.428345463251070976e+09,1.000000000000000000e+00,6.948381805419921875e+01
1.428345463279877901e+09,1.000000000000000000e+00,6.940620422363281250e+01
1.428345463345279932e+09,1.000000000000000000e+00,6.931870269775390625e+01
1.428345463388215065e+09,1.000000000000000000e+00,6.923090362548828125e+01
1.428345463411130905e+09,1.000000000000000000e+00,6.903846740722656250e+01
1.428345463494560957e+09,1.000000000000000000e+00,6.870227050781250000e+01
1.428345463524610043e+09,1.000000000000000000e+00,6.864962768554687500e+01
1.428345463551115036e+09,1.000000000000000000e+00,6.891514587402343750e+01
1.428345463573753119e+09,1.000000000000000000e+00,6.898152160644531250e+01
1.428345463605807066e+09,1.000000000000000000e+00,6.904500579833984375e+01
1.428345463639379025e+09,1.000000000000000000e+00,6.928942871093750000e+01
1.428345463673922062e+09,1.000000000000000000e+00,6.949954223632812500e+01
1.428345463709134102e+09,1.000000000000000000e+00,6.966501617431640625e+01
1.428345463741555929e+09,1.000000000000000000e+00,6.990576934814453125e+01
1.428345463770731926e+09,1.000000000000000000e+00,7.036096191406250000e+01
1.428345463817332029e+09,1.000000000000000000e+00,7.055169677734375000e+01
1.428345463862885952e+09,1.000000000000000000e+00,7.081472015380859375e+01
1.428345463895416975e+09,1.000000000000000000e+00,7.128547668457031250e+01
1.428345463922985077e+09,1.000000000000000000e+00,7.139386749267578125e+01
1.428345463949287891e+09,1.000000000000000000e+00,7.159748840332031250e+01
1.428345463990205050e+09,1.000000000000000000e+00,7.158212280273437500e+01
1.428345464019079924e+09,1.000000000000000000e+00,7.178739166259765625e+01
1.428345464074274063e+09,1.000000000000000000e+00,7.164389038085937500e+01
1.428345464108097076e+09,1.000000000000000000e+00,7.180162811279296875e+01
1.428345464149072886e+09,1.000000000000000000e+00,7.186080932617187500e+01
1.428345464174405098e+09,1.000000000000000000e+00,7.194702911376953125e+01
1.428345464208563089e+09,1.000000000000000000e+00,7.194795227050781250e+01
1.428345464237170935e+09,1.000000000000000000e+00,7.177909088134765625e+01
1.428345464272568941e+09,1.000000000000000000e+00,7.162570190429687500e+01
1.428345464339596987e+09,1.000000000000000000e+00,7.160383605957031250e+01
1.428345464378223896e+09,1.000000000000000000e+00,7.166696929931640625e+01
1.428345464410670042e+09,1.000000000000000000e+00,7.150894165039062500e+01
1.428345464442636967e+09,1.000000000000000000e+00,7.132609558105468750e+01
1.428345464472196102e+09,1.000000000000000000e+00,7.137628173828125000e+01
1.428345464506772995e+09,1.000000000000000000e+00,7.139218902587890625e+01
1.428345464545614004e+09,1.000000000000000000e+00,7.145182037353515625e+01
1.428345464583069086e+09,1.000000000000000000e+00,7.136800384521484375e+01
1.428345464620182991e+09,1.000000000000000000e+00,7.135826873779296875e+01
1.428345464657650948e+09,1.000000000000000000e+00,7.142835998535156250e+01
1.428345464678260088e+09,1.000000000000000000e+00,7.136571502685546875e+01
1.428345464705369949e+09,1.000000000000000000e+00,7.131752014160156250e+01
1.428345464730237961e+09,1.000000000000000000e+00,7.110433959960937500e+01
1.428345464765820026e+09,6.786570232917767953e-01,7.030717468261718750e+01
1.428345464801776886e+09,0.000000000000000000e+00,0.000000000000000000e+00
1.428345464854518890e+09,0.000000000000000000e+00,0.000000000000000000e+00
1.428345464888777018e+09,6.550091173908936248e-01,7.344713592529296875e+01
1.428345464915290117e+09,1.000000000000000000e+00,7.104930114746093750e+01
1.428345464957983971e+09,1.000000000000000000e+00,7.180873870849609375e+01
1.428345464998930931e+09,9.983962195529229033e-01,7.194126129150390625e+01
1.428345465045406103e+09,1.000000000000000000e+00,7.200386810302734375e+01
1.428345465086050987e+09,1.000000000000000000e+00,7.202017974853515625e+01
1.428345465121547937e+09,1.000000000000000000e+00,7.197082519531250000e+01
1.428345465157380104e+09,1.000000000000000000e+00,7.180745697021484375e+01
1.428345465211082935e+09,1.000000000000000000e+00,7.160227966308593750e+01
1.428345465239379883e+09,8.578125052781623294e-01,7.189479064941406250e+01
1.428345465260790110e+09,1.000000000000000000e+00,7.104318237304687500e+01
1.428345465289777994e+09,1.000000000000000000e+00,7.026268005371093750e+01
1.428345465345499039e+09,1.000000000000000000e+00,6.967177581787109375e+01
1.428345465379020929e+09,1.000000000000000000e+00,6.920359039306640625e+01
1.428345465422238111e+09,9.976370844994307818e-01,6.796154022216796875e+01
1.428345465459017038e+09,1.000000000000000000e+00,6.737348175048828125e+01
1.428345465487955093e+09,1.000000000000000000e+00,6.653784179687500000e+01
1.428345465523381948e+09,1.000000000000000000e+00,6.594627380371093750e+01
1.428345465564193964e+09,1.000000000000000000e+00,6.561766815185546875e+01
1.428345465598542929e+09,1.000000000000000000e+00,6.546950531005859375e+01
1.428345465629317999e+09,1.000000000000000000e+00,6.546866607666015625e+01
1.428345465662313938e+09,1.000000000000000000e+00,6.569470214843750000e+01
1.428345465774074078e+09,1.000000000000000000e+00,6.602938842773437500e+01
1.428345465798716068e+09,1.000000000000000000e+00,6.604351806640625000e+01
1.428345465847210884e+09,1.000000000000000000e+00,6.622915649414062500e+01
1.428345465894654989e+09,1.000000000000000000e+00,6.647443389892578125e+01
1.428345465919382095e+09,1.000000000000000000e+00,6.667684173583984375e+01
1.428345465956423044e+09,1.000000000000000000e+00,6.678189849853515625e+01
1.428345465989797115e+09,1.000000000000000000e+00,6.688106536865234375e+01
1.428345466012289047e+09,1.000000000000000000e+00,6.718082427978515625e+01
1.428345466054889917e+09,1.000000000000000000e+00,6.741795349121093750e+01
1.428345466093880892e+09,1.000000000000000000e+00,6.745100402832031250e+01
1.428345466121288061e+09,1.000000000000000000e+00,6.747408294677734375e+01
1.428345466158117056e+09,1.000000000000000000e+00,6.761757659912109375e+01
1.428345466191436052e+09,1.000000000000000000e+00,6.770755767822265625e+01
1.428345466221914053e+09,1.000000000000000000e+00,6.779793548583984375e+01
1.428345466250706911e+09,1.000000000000000000e+00,6.776071166992187500e+01
1.428345466275250912e+09,1.000000000000000000e+00,6.776731109619140625e+01
1.428345466316458941e+09,1.000000000000000000e+00,6.794379425048828125e+01
1.428345466357620955e+09,1.000000000000000000e+00,6.813493347167968750e+01
1.428345466406920910e+09,1.000000000000000000e+00,6.813376617431640625e+01
1.428345466444679976e+09,1.000000000000000000e+00,6.834333801269531250e+01
1.428345466476273060e+09,1.000000000000000000e+00,6.838581085205078125e+01
1.428345466510797024e+09,1.000000000000000000e+00,6.843271636962890625e+01
1.428345466547148943e+09,1.000000000000000000e+00,6.836048889160156250e+01
1.428345466582498074e+09,1.000000000000000000e+00,6.836223602294921875e+01
1.428345466613985062e+09,1.000000000000000000e+00,6.824382781982421875e+01
1.428345466639256001e+09,1.000000000000000000e+00,6.825466156005859375e+01
1.428345466701808929e+09,1.000000000000000000e+00,6.803018188476562500e+01
1.428345466749728918e+09,1.000000000000000000e+00,6.805898284912109375e+01
1.428345466780353069e+09,1.000000000000000000e+00,6.797431945800781250e+01
1.428345466819844007e+09,1.000000000000000000e+00,6.777674865722656250e+01
1.428345466859325886e+09,1.000000000000000000e+00,6.753428649902343750e+01
1.428345466881607056e+09,1.000000000000000000e+00,6.728138732910156250e+01
1.428345466946007013e+09,1.000000000000000000e+00,6.727769470214843750e+01
1.428345466983957052e+09,1.000000000000000000e+00,6.689431762695312500e+01
1.428345467014722109e+09,1.000000000000000000e+00,6.682591247558593750e+01
1.428345467090101957e+09,1.000000000000000000e+00,6.671101379394531250e+01
1.428345467122915983e+09,1.000000000000000000e+00,6.664056396484375000e+01
1.428345467157136917e+09,1.000000000000000000e+00,6.666497802734375000e+01
1.428345467202794075e+09,1.000000000000000000e+00,6.683525848388671875e+01
1.428345467234167099e+09,1.000000000000000000e+00,6.710686492919921875e+01
1.428345467288471937e+09,1.000000000000000000e+00,6.739065551757812500e+01
1.428345467312659025e+09,1.000000000000000000e+00,6.741098785400390625e+01
1.428345467351350069e+09,1.000000000000000000e+00,6.761293029785156250e+01
1.428345467399183989e+09,1.000000000000000000e+00,6.800724792480468750e+01
1.428345467446362019e+09,1.000000000000000000e+00,6.816979980468750000e+01
1.428345467495265007e+09,1.000000000000000000e+00,6.833391571044921875e+01
1.428345467523082018e+09,1.000000000000000000e+00,6.860726165771484375e+01
1.428345467553050041e+09,1.000000000000000000e+00,6.874643707275390625e+01
1.428345467586149931e+09,1.000000000000000000e+00,6.905754089355468750e+01
1.428345467635906935e+09,1.000000000000000000e+00,6.925157928466796875e+01
1.428345467684493065e+09,1.000000000000000000e+00,6.972225952148437500e+01
1.428345467711596966e+09,1.000000000000000000e+00,6.977347564697265625e+01
1.428345467740614891e+09,1.000000000000000000e+00,7.006991577148437500e+01
1.428345467784231901e+09,1.000000000000000000e+00,7.023610687255859375e+01
1.428345467820055008e+09,8.871122519941357920e-01,7.023049926757812500e+01
1.428345467843209982e+09,1.000000000000000000e+00,7.046347808837890625e+01
1.428345467876334906e+09,1.000000000000000000e+00,7.030358123779296875e+01
1.428345467906193972e+09,1.000000000000000000e+00,7.020589447021484375e+01
1.428345467951395988e+09,1.000000000000000000e+00,7.022188568115234375e+01
1.428345467984105110e+09,1.000000000000000000e+00,7.022921752929687500e+01
1.428345468012087107e+09,1.000000000000000000e+00,7.019628143310546875e+01
1.428345468042608023e+09,1.000000000000000000e+00,7.026250457763671875e+01
1.428345468082871914e+09,1.000000000000000000e+00,7.031655120849609375e+01
1.428345468123183966e+09,1.000000000000000000e+00,7.044178009033203125e+01
1.428345468160372019e+09,1.000000000000000000e+00,7.044213104248046875e+01
1.428345468188652992e+09,1.000000000000000000e+00,7.046261596679687500e+01
1.428345468215354919e+09,1.000000000000000000e+00,7.043545532226562500e+01
1.428345468242216110e+09,1.000000000000000000e+00,7.031309509277343750e+01
1.428345468271707058e+09,1.000000000000000000e+00,7.042321777343750000e+01
1.428345468312355042e+09,1.000000000000000000e+00,7.003884124755859375e+01
1.428345468335526943e+09,1.000000000000000000e+00,6.987447357177734375e+01
1.428345468367146969e+09,1.000000000000000000e+00,6.984009552001953125e+01
1.428345468405939102e+09,1.000000000000000000e+00,6.964789581298828125e+01
1.428345468447388887e+09,1.000000000000000000e+00,6.943533325195312500e+01
1.428345468473028898e+09,1.000000000000000000e+00,6.914765930175781250e+01
1.428345468503541946e+09,1.000000000000000000e+00,6.908613586425781250e+01
1.428345468532269001e+09,1.000000000000000000e+00,6.888070678710937500e+01
1.428345468564531088e+09,1.000000000000000000e+00,6.876991271972656250e+01
1.428345468589131117e+09,1.000000000000000000e+00,6.855679321289062500e+01
1.428345468627875090e+09,1.000000000000000000e+00,6.835282135009765625e+01
1.428345468656728029e+09,1.000000000000000000e+00,6.833303070068359375e+01
1.428345468701658010e+09,1.000000000000000000e+00,6.807577514648437500e+01
1.428345468740896940e+09,1.000000000000000000e+00,6.800422668457031250e+01
1.428345468773005009e+09,1.000000000000000000e+00,6.806612396240234375e+01
1.428345468815170050e+09,1.000000000000000000e+00,6.812938690185546875e+01
1.428345468839798927e+09,1.000000000000000000e+00,6.815526580810546875e+01
1.428345468865592003e+09,1.000000000000000000e+00,6.819061279296875000e+01
1.428345468905432940e+09,1.000000000000000000e+00,6.830747222900390625e+01
1.428345468933001995e+09,1.000000000000000000e+00,6.838177490234375000e+01
1.428345468963754892e+09,1.000000000000000000e+00,6.829203796386718750e+01
1.428345469001324892e+09,1.000000000000000000e+00,6.849279785156250000e+01
1.428345469047012091e+09,1.000000000000000000e+00,6.822605895996093750e+01
1.428345469079054117e+09,1.000000000000000000e+00,6.830779266357421875e+01
1.428345469102828026e+09,1.000000000000000000e+00,6.835421752929687500e+01
1.428345469136003017e+09,1.000000000000000000e+00,6.829173278808593750e+01
1.428345469165335894e+09,1.000000000000000000e+00,6.832518005371093750e+01
1.428345469218637943e+09,1.000000000000000000e+00,6.814950561523437500e+01
1.428345469254636049e+09,1.000000000000000000e+00,6.809048461914062500e+01
1.428345469301779032e+09,1.000000000000000000e+00,6.790569305419921875e+01
1.428345469340647936e+09,1.000000000000000000e+00,6.779051208496093750e+01
1.428345469368802071e+09,1.000000000000000000e+00,6.762149810791015625e+01
1.428345469392003059e+09,1.000000000000000000e+00,6.745084381103515625e+01
1.428345469424113035e+09,1.000000000000000000e+00,6.735681152343750000e+01
1.428345469456260920e+09,1.000000000000000000e+00,6.740386199951171875e+01
1.428345469491812944e+09,1.000000000000000000e+00,6.731361389160156250e+01
1.428345469526858091e+09,1.000000000000000000e+00,6.747338867187500000e+01
1.428345469560937881e+09,1.000000000000000000e+00,6.732052612304687500e+01
1.428345469600938082e+09,1.000000000000000000e+00,6.739261627197265625e+01
1.428345469637037992e+09,1.000000000000000000e+00,6.722557830810546875e+01
1.428345469655631065e+09,1.000000000000000000e+00,6.737495422363281250e+01
1.428345469718672037e+09,1.000000000000000000e+00,6.705455017089843750e+01
1.428345469790056944e+09,1.000000000000000000e+00,6.694836425781250000e+01
1.428345469826459885e+09,1.000000000000000000e+00,6.706233978271484375e+01
1.428345469864456892e+09,1.000000000000000000e+00,6.712243652343750000e+01
1.428345469886956930e+09,1.000000000000000000e+00,6.713258361816406250e+01
1.428345469912944078e+09,1.000000000000000000e+00,6.701587677001953125e+01
1.428345469961579084e+09,1.000000000000000000e+00,6.689522552490234375e+01
1.428345469986284971e+09,1.000000000000000000e+00,6.650082397460937500e+01
1.428345470023128986e+09,1.000000000000000000e+00,6.632860565185546875e+01
1.428345470104032993e+09,1.000000000000000000e+00,6.622999572753906250e+01
1.428345470140935898e+09,1.000000000000000000e+00,6.573717498779296875e+01
1.428345470189155102e+09,1.000000000000000000e+00,6.541671752929687500e+01
1.428345470251048088e+09,1.000000000000000000e+00,6.502455139160156250e+01
1.428345470301455975e+09,1.000000000000000000e+00,6.487351989746093750e+01
1.428345470348798990e+09,1.000000000000000000e+00,6.465081787109375000e+01
1.428345470379156113e+09,1.000000000000000000e+00,6.458401489257812500e+01
1.428345470403772116e+09,1.000000000000000000e+00,6.433533477783203125e+01
1.428345470449691057e+09,1.000000000000000000e+00,6.403646087646484375e+01
1.428345470472964048e+09,1.000000000000000000e+00,6.386146163940429688e+01
1.428345470501760960e+09,1.000000000000000000e+00,6.354887390136718750e+01
1.428345470544442892e+09,1.000000000000000000e+00,6.341621780395507812e+01
1.428345470580142021e+09,1.000000000000000000e+00,6.324489593505859375e+01
1.428345470641038895e+09,1.000000000000000000e+00,6.271447372436523438e+01
1.428345470690704107e+09,1.000000000000000000e+00,6.255241775512695312e+01
1.428345470718849897e+09,1.000000000000000000e+00,6.257367706298828125e+01
1.428345470748181105e+09,1.000000000000000000e+00,6.243166732788085938e+01
1.428345470773427010e+09,1.000000000000000000e+00,6.244687652587890625e+01
1.428345470813689947e+09,1.000000000000000000e+00,6.235406112670898438e+01
1.428345470860430956e+09,1.000000000000000000e+00,6.233503341674804688e+01
1.428345470901422024e+09,1.000000000000000000e+00,6.213706588745117188e+01
1.428345470966582060e+09,1.000000000000000000e+00,6.207684326171875000e+01
1.428345471000801086e+09,1.000000000000000000e+00,6.133272171020507812e+01
1.428345471066121101e+09,0.000000000000000000e+00,0.000000000000000000e+00
1.428345471110373974e+09,0.000000000000000000e+00,0.000000000000000000e+00
1.428345471133439064e+09,0.000000000000000000e+00,0.000000000000000000e+00
1.428345471184958935e+09,1.000000000000000000e+00,6.192607116699218750e+01
1.428345471217535019e+09,1.000000000000000000e+00,6.266345214843750000e+01
1.428345471247318983e+09,1.000000000000000000e+00,6.286774444580078125e+01
1.428345471279287100e+09,1.000000000000000000e+00,6.333806610107421875e+01
1.428345471305181026e+09,1.000000000000000000e+00,6.383628082275390625e+01
1.428345471334074020e+09,1.000000000000000000e+00,6.433067321777343750e+01
1.428345471377820015e+09,1.000000000000000000e+00,6.472106933593750000e+01
1.428345471403614998e+09,1.000000000000000000e+00,6.531982421875000000e+01
1.428345471445780993e+09,1.000000000000000000e+00,6.572568511962890625e+01
1.428345471487454891e+09,1.000000000000000000e+00,6.579688262939453125e+01
1.428345471530157089e+09,1.000000000000000000e+00,6.596886444091796875e+01
1.428345471561609030e+09,1.000000000000000000e+00,6.581659698486328125e+01
1.428345471603815079e+09,1.000000000000000000e+00,6.560221862792968750e+01
1.428345471627419949e+09,1.000000000000000000e+00,6.570011138916015625e+01
1.428345471671643019e+09,1.000000000000000000e+00,6.507308197021484375e+01
1.428345471721183062e+09,1.000000000000000000e+00,6.477317047119140625e+01
1.428345471754223108e+09,1.000000000000000000e+00,6.443533325195312500e+01
1.428345471779829979e+09,1.000000000000000000e+00,6.412403106689453125e+01
1.428345471809042931e+09,1.000000000000000000e+00,6.382345581054687500e+01
1.428345471836101055e+09,1.000000000000000000e+00,6.362134552001953125e+01
1.428345471876152039e+09,1.000000000000000000e+00,6.337877655029296875e+01
1.428345471904095888e+09,1.000000000000000000e+00,6.329511642456054688e+01
1.428345471932367086e+09,1.000000000000000000e+00,6.323165130615234375e+01
1.428345471956314087e+09,1.000000000000000000e+00,6.294433975219726562e+01
1.428345471991704941e+09,1.000000000000000000e+00,6.284346771240234375e+01
1.428345472027694941e+09,1.000000000000000000e+00,6.257001876831054688e+01
1.428345472069782019e+09,1.000000000000000000e+00,6.245755767822265625e+01
1.428345472107976913e+09,1.000000000000000000e+00,6.229964447021484375e+01
1.428345472137067080e+09,1.000000000000000000e+00,6.209348678588867188e+01
1.428345472158967972e+09,1.000000000000000000e+00,6.199824905395507812e+01
1.428345472191127062e+09,1.000000000000000000e+00,6.179904937744140625e+01
1.428345472241532087e+09,1.000000000000000000e+00,6.179130172729492188e+01
1.428345472267091990e+09,1.000000000000000000e+00,6.163756942749023438e+01
1.428345472300259113e+09,1.000000000000000000e+00,6.154551696777343750e+01
1.428345472323647022e+09,1.000000000000000000e+00,6.148797988891601562e+01
1.428345472363281965e+09,1.000000000000000000e+00,6.148675537109375000e+01
1.428345472411070108e+09,1.000000000000000000e+00,6.155751037597656250e+01
1.428345472450707912e+09,1.000000000000000000e+00,6.177319717407226562e+01
1.428345472488255024e+09,1.000000000000000000e+00,6.197580718994140625e+01
1.428345472514666080e+09,1.000000000000000000e+00,6.224779510498046875e+01
1.428345472558785915e+09,1.000000000000000000e+00,6.225652694702148438e+01
1.428345472602988005e+09,1.000000000000000000e+00,6.225061798095703125e+01
1.428345472630564928e+09,1.000000000000000000e+00,6.246065521240234375e+01
1.428345472662059069e+09,1.000000000000000000e+00,6.258563995361328125e+01
1.428345472689654112e+09,1.000000000000000000e+00,6.273073577880859375e+01
1.428345472722520113e+09,1.000000000000000000e+00,6.265314865112304688e+01
1.428345472750380039e+09,1.000000000000000000e+00,6.283525085449218750e+01
1.428345472789751053e+09,1.000000000000000000e+00,6.270227050781250000e+01
1.428345472820360899e+09,1.000000000000000000e+00,6.276361846923828125e+01
1.428345472846374035e+09,1.000000000000000000e+00,6.274222183227539062e+01
1.428345472888731003e+09,1.000000000000000000e+00,6.278789901733398438e+01
1.428345472936419010e+09,1.000000000000000000e+00,6.276271438598632812e+01
1.428345472959384918e+09,1.000000000000000000e+00,6.285192489624023438e+01
1.428345473006381989e+09,1.000000000000000000e+00,6.310219192504882812e+01
1.428345473043585062e+09,1.000000000000000000e+00,6.308799743652343750e+01
1.428345473074055910e+09,1.000000000000000000e+00,6.320429611206054688e+01
1.428345473098185062e+09,1.000000000000000000e+00,6.322657775878906250e+01
1.428345473128012896e+09,1.000000000000000000e+00,6.326018905639648438e+01
1.428345473163105965e+09,1.000000000000000000e+00,6.323931884765625000e+01
1.428345473190920115e+09,1.000000000000000000e+00,6.322112655639648438e+01
1.428345473216871977e+09,1.000000000000000000e+00,6.304930496215820312e+01
1.428345473262300014e+09,1.000000000000000000e+00,6.300615692138671875e+01
1.428345473299942017e+09,1.000000000000000000e+00,6.295690155029296875e+01
1.428345473336657047e+09,1.000000000000000000e+00,6.303787994384765625e+01
1.428345473377490997e+09,1.000000000000000000e+00,6.300468444824218750e+01
1.428345473413424969e+09,1.000000000000000000e+00,6.312673568725585938e+01
1.428345473476260900e+09,1.000000000000000000e+00,6.281256866455078125e+01
1.428345473506077051e+09,1.000000000000000000e+00,6.295890426635742188e+01
1.428345473544626951e+09,1.000000000000000000e+00,6.309099960327148438e+01
1.428345473583950043e+09,1.000000000000000000e+00,6.311233901977539062e+01
1.428345473626940012e+09,1.000000000000000000e+00,6.297744750976562500e+01
1.428345473648633957e+09,1.000000000000000000e+00,6.310152053833007812e+01
1.428345473679533005e+09,1.000000000000000000e+00,6.326308822631835938e+01
1.428345473707393885e+09,1.000000000000000000e+00,6.331112289428710938e+01
1.428345473743143082e+09,1.000000000000000000e+00,6.333055877685546875e+01
1.428345473782694101e+09,1.000000000000000000e+00,6.349949264526367188e+01
1.428345473817687988e+09,1.000000000000000000e+00,6.354922866821289062e+01
1.428345473850169897e+09,1.000000000000000000e+00,6.384005737304687500e+01
1.428345473889612913e+09,1.000000000000000000e+00,6.370888900756835938e+01
1.428345473917700052e+09,1.000000000000000000e+00,6.389143371582031250e+01
1.428345473968575001e+09,1.000000000000000000e+00,6.395789337158203125e+01
1.428345473999432087e+09,1.000000000000000000e+00,6.391926956176757812e+01
1.428345474032542944e+09,1.000000000000000000e+00,6.389735031127929688e+01
1.428345474071933031e+09,1.000000000000000000e+00,6.388414764404296875e+01
1.428345474101039886e+09,1.000000000000000000e+00,6.419290924072265625e+01
1.428345474140113115e+09,1.000000000000000000e+00,6.411028289794921875e+01
1.428345474164784908e+09,1.000000000000000000e+00,6.430067443847656250e+01
1.428345474201145887e+09,1.000000000000000000e+00,6.443598937988281250e+01
1.428345474232199907e+09,1.000000000000000000e+00,6.455527496337890625e+01
1.428345474267962933e+09,1.000000000000000000e+00,6.461199188232421875e+01
1.428345474333339930e+09,1.000000000000000000e+00,6.486557769775390625e+01
1.428345474367649078e+09,1.000000000000000000e+00,6.479373931884765625e+01
1.428345474401961088e+09,1.000000000000000000e+00,6.476552581787109375e+01
1.428345474434993982e+09,1.000000000000000000e+00,6.440785217285156250e+01
1.428345474470833063e+09,1.000000000000000000e+00,6.430821990966796875e+01
1.428345474516577005e+09,1.000000000000000000e+00,6.425988769531250000e+01
1.428345474547662020e+09,1.000000000000000000e+00,6.394739532470703125e+01
1.428345474581583977e+09,1.000000000000000000e+00,6.373947906494140625e+01
1.428345474613962889e+09,1.000000000000000000e+00,6.359167480468750000e+01
1.428345474656090021e+09,1.000000000000000000e+00,6.345978927612304688e+01
1.428345474694669008e+09,1.000000000000000000e+00,6.325764465332031250e+01
1.428345474726434946e+09,1.000000000000000000e+00,6.302898025512695312e+01
1.428345474763432980e+09,1.000000000000000000e+00,6.298442077636718750e+01
1.428345474792809010e+09,1.000000000000000000e+00,6.307493972778320312e+01
1.428345474832056999e+09,1.000000000000000000e+00,6.306996154785156250e+01
1.428345474863754988e+09,1.000000000000000000e+00,6.306458663940429688e+01
1.428345474892837048e+09,1.000000000000000000e+00,6.314635848999023438e+01
1.428345474935317993e+09,1.000000000000000000e+00,6.309428405761718750e+01
1.428345474962158918e+09,1.000000000000000000e+00,6.305564880371093750e+01
1.428345474998179913e+09,1.000000000000000000e+00,6.329549026489257812e+01
1.428345475053245068e+09,1.000000000000000000e+00,6.296656417846679688e+01
1.428345475079123974e+09,1.000000000000000000e+00,6.272874069213867188e+01
1.428345475114964962e+09,1.000000000000000000e+00,6.262641525268554688e+01
1.428345475143857002e+09,1.000000000000000000e+00,6.233528900146484375e+01
1.428345475174380064e+09,1.000000000000000000e+00,6.179889297485351562e+01
1.428345475229192019e+09,0.000000000000000000e+00,0.000000000000000000e+00
1.428345475257806063e+09,1.000000000000000000e+00,6.202081680297851562e+01
1.428345475295252085e+09,1.000000000000000000e+00,6.316011810302734375e+01
1.428345475330786943e+09,9.649840161938721961e-01,6.338654327392578125e+01
1.428345475357100010e+09,1.000000000000000000e+00,6.345396423339843750e+01
1.428345475395853043e+09,1.000000000000000000e+00,6.363633346557617188e+01
1.428345475428986073e+09,1.000000000000000000e+00,6.389804840087890625e+01
1.428345475467652082e+09,1.000000000000000000e+00,6.407830047607421875e+01
1.428345475510914087e+09,1.000000000000000000e+00,6.429338836669921875e+01
1.428345475536111116e+09,1.000000000000000000e+00,6.459529876708984375e+01
1.428345475572110891e+09,1.000000000000000000e+00,6.456603240966796875e+01
1.428345475600769997e+09,9.594904650931702639e-01,6.440682983398437500e+01
1.428345475646059990e+09,0.000000000000000000e+00,0.000000000000000000e+00
1.428345475693758011e+09,0.000000000000000000e+00,0.000000000000000000e+00
1.428345475728528023e+09,0.000000000000000000e+00,0.000000000000000000e+00
1.428345475768891096e+09,6.541474134974394339e-01,4.574245452880859375e+01
1.428345475805561066e+09,7.278030357229477998e-01,6.412918853759765625e+01
1.428345475836218119e+09,1.000000000000000000e+00,6.220583343505859375e+01
1.428345475874663115e+09,1.000000000000000000e+00,6.281878662109375000e+01
1.428345475914671898e+09,1.000000000000000000e+00,6.259375762939453125e+01
1.428345475943017006e+09,1.000000000000000000e+00,6.239391326904296875e+01
1.428345475972790003e+09,9.515747453752768648e-01,6.243373107910156250e+01
1.428345476000300884e+09,1.000000000000000000e+00,6.237694931030273438e+01
1.428345476035818100e+09,1.000000000000000000e+00,6.254616546630859375e+01
1.428345476065301895e+09,1.000000000000000000e+00,6.259179306030273438e+01
1.428345476095546007e+09,1.000000000000000000e+00,6.289746475219726562e+01
1.428345476138436079e+09,1.000000000000000000e+00,6.275588607788085938e+01
1.428345476168947935e+09,1.000000000000000000e+00,6.257867813110351562e+01
1.428345476205374002e+09,1.000000000000000000e+00,6.228416824340820312e+01
1.428345476240236044e+09,1.000000000000000000e+00,6.183946609497070312e+01
1.428345476283706903e+09,1.000000000000000000e+00,6.138188934326171875e+01
1.428345476309251070e+09,1.000000000000000000e+00,6.098756408691406250e+01
1.428345476343532085e+09,1.000000000000000000e+00,6.088666152954101562e+01
1.428345476377945900e+09,1.000000000000000000e+00,6.075893402099609375e+01
1.428345476416301966e+09,1.000000000000000000e+00,6.072772216796875000e+01
1.428345476442020893e+09,1.000000000000000000e+00,6.076522064208984375e+01
1.428345476495100975e+09,1.000000000000000000e+00,6.103871536254882812e+01
1.428345476524616003e+09,1.000000000000000000e+00,6.112232589721679688e+01
1.428345476552881002e+09,1.000000000000000000e+00,6.124811553955078125e+01
1.428345476580884933e+09,1.000000000000000000e+00,6.144393920898437500e+01
1.428345476629883051e+09,1.000000000000000000e+00,6.174965286254882812e+01
1.428345476676680088e+09,1.000000000000000000e+00,6.191690826416015625e+01
1.428345476711522102e+09,1.000000000000000000e+00,6.201660156250000000e+01
1.428345476736418962e+09,1.000000000000000000e+00,6.223796463012695312e+01
1.428345476771029949e+09,1.000000000000000000e+00,6.242391204833984375e+01
1.428345476812773943e+09,1.000000000000000000e+00,6.252781295776367188e+01
1.428345476848572969e+09,1.000000000000000000e+00,6.275384521484375000e+01
1.428345476908725977e+09,1.000000000000000000e+00,6.248910140991210938e+01
1.428345476936549902e+09,1.000000000000000000e+00,6.249059295654296875e+01
1.428345476970727921e+09,1.000000000000000000e+00,6.223220062255859375e+01
1.428345477008725882e+09,1.000000000000000000e+00,6.204289627075195312e+01
1.428345477047422886e+09,1.000000000000000000e+00,6.182295989990234375e+01
1.428345477082818985e+09,1.000000000000000000e+00,6.139173126220703125e+01
1.428345477114423037e+09,1.000000000000000000e+00,6.136900711059570312e+01
1.428345477141932011e+09,1.000000000000000000e+00,6.109452819824218750e+01
1.428345477182152033e+09,1.000000000000000000e+00,6.110276794433593750e+01
1.428345477207834959e+09,1.000000000000000000e+00,6.090135955810546875e+01
1.428345477254532099e+09,1.000000000000000000e+00,6.082863235473632812e+01
1.428345477282071114e+09,1.000000000000000000e+00,6.061739349365234375e+01
1.428345477326908112e+09,1.000000000000000000e+00,6.047177505493164062e+01
1.428345477353105068e+09,1.000000000000000000e+00,6.054158782958984375e+01
1.428345477392968893e+09,1.000000000000000000e+00,6.052136993408203125e+01
1.428345477414661884e+09,1.000000000000000000e+00,6.047448730468750000e+01
1.428345477458837986e+09,1.000000000000000000e+00,6.045539474487304688e+01
1.428345477479500055e+09,1.000000000000000000e+00,6.037582015991210938e+01
1.428345477508955956e+09,1.000000000000000000e+00,6.038497161865234375e+01
1.428345477538178921e+09,1.000000000000000000e+00,6.052959060668945312e+01
1.428345477584408045e+09,1.000000000000000000e+00,6.067795944213867188e+01
1.428345477605946064e+09,1.000000000000000000e+00,6.056080627441406250e+01
1.428345477658023119e+09,1.000000000000000000e+00,6.081852340698242188e+01
1.428345477694758892e+09,1.000000000000000000e+00,6.101582717895507812e+01
1.428345477734707117e+09,1.000000000000000000e+00,6.112604141235351562e+01
1.428345477773570061e+09,1.000000000000000000e+00,6.126473999023437500e+01
1.428345477802870989e+09,1.000000000000000000e+00,6.119350814819335938e+01
1.428345477847974062e+09,1.000000000000000000e+00,6.130221176147460938e+01
1.428345477887053967e+09,1.000000000000000000e+00,6.142832183837890625e+01
1.428345477936335087e+09,1.000000000000000000e+00,6.161725234985351562e+01
1.428345477963540077e+09,1.000000000000000000e+00,6.178641891479492188e+01
1.428345478024723053e+09,1.000000000000000000e+00,6.186650848388671875e+01
1.428345478052053928e+09,1.000000000000000000e+00,6.208580780029296875e+01
1.428345478083059072e+09,1.000000000000000000e+00,6.209954452514648438e+01
1.428345478142110109e+09,1.000000000000000000e+00,6.214024353027343750e+01
1.428345478171515942e+09,1.000000000000000000e+00,6.244684219360351562e+01
1.428345478218455076e+09,1.000000000000000000e+00,6.261470031738281250e+01
1.428345478241076946e+09,1.000000000000000000e+00,6.291706085205078125e+01
1.428345478280455112e+09,1.000000000000000000e+00,6.299312973022460938e+01
1.428345478312131882e+09,1.000000000000000000e+00,6.328033065795898438e+01
1.428345478339092016e+09,1.000000000000000000e+00,6.334243392944335938e+01
1.428345478366738081e+09,1.000000000000000000e+00,6.347124481201171875e+01
1.428345478390258074e+09,1.000000000000000000e+00,6.341735839843750000e+01
1.428345478451545954e+09,1.000000000000000000e+00,6.366183853149414062e+01
1.428345478484863043e+09,1.000000000000000000e+00,6.385834121704101562e+01
1.428345478513396025e+09,1.000000000000000000e+00,6.410541534423828125e+01
1.428345478536461115e+09,1.000000000000000000e+00,6.436943817138671875e+01
1.428345478581165075e+09,1.000000000000000000e+00,6.450870513916015625e+01
1.428345478624587059e+09,1.000000000000000000e+00,6.454972076416015625e+01
1.428345478660520077e+09,1.000000000000000000e+00,6.438782501220703125e+01
1.428345478689053059e+09,1.000000000000000000e+00,6.436371612548828125e+01
1.428345478743797064e+09,1.000000000000000000e+00,6.435308074951171875e+01
1.428345478771258116e+09,1.000000000000000000e+00,6.443362426757812500e+01
1.428345478821583986e+09,1.000000000000000000e+00,6.419444274902343750e+01
1.428345478852943897e+09,1.000000000000000000e+00,6.419285583496093750e+01
1.428345478891410112e+09,1.000000000000000000e+00,6.423174285888671875e+01
1.428345478953358889e+09,1.000000000000000000e+00,6.429518890380859375e+01
1.428345478989558935e+09,1.000000000000000000e+00,6.450636291503906250e+01
1.428345479025271893e+09,1.000000000000000000e+00,6.453422546386718750e+01
1.428345479060623884e+09,1.000000000000000000e+00,6.460836029052734375e+01
1.428345479087580919e+09,1.000000000000000000e+00,6.482009124755859375e+01
1.428345479118999958e+09,1.000000000000000000e+00,6.469737243652343750e+01
1.428345479147166967e+09,1.000000000000000000e+00,6.493316650390625000e+01
1.428345479186801910e+09,1.000000000000000000e+00,6.483880615234375000e+01
1.428345479213371038e+09,1.000000000000000000e+00,6.465394592285156250e+01
1.428345479253320932e+09,1.000000000000000000e+00,6.456745910644531250e+01
1.428345479294368029e+09,1.000000000000000000e+00,6.450098419189453125e+01
1.428345479323101997e+09,1.000000000000000000e+00,6.438349914550781250e+01
1.428345479357505083e+09,1.000000000000000000e+00,6.434342193603515625e+01
1.428345479393799067e+09,1.000000000000000000e+00,6.419417572021484375e+01
1.428345479426543951e+09,1.000000000000000000e+00,6.404571533203125000e+01
1.428345479476608992e+09,1.000000000000000000e+00,6.399781036376953125e+01
1.428345479503516912e+09,1.000000000000000000e+00,6.369859695434570312e+01
1.428345479545833111e+09,1.000000000000000000e+00,6.357526779174804688e+01
1.428345479575603008e+09,1.000000000000000000e+00,6.349179458618164062e+01
1.428345479606215954e+09,1.000000000000000000e+00,6.345879364013671875e+01
1.428345479639770985e+09,1.000000000000000000e+00,6.320421218872070312e+01
1.428345479684401035e+09,1.000000000000000000e+00,6.313280487060546875e+01
1.428345479716855049e+09,1.000000000000000000e+00,6.298243331909179688e+01
1.428345479742261887e+09,1.000000000000000000e+00,6.271921539306640625e+01
1.428345479781505108e+09,1.000000000000000000e+00,6.264305877685546875e+01
1.428345479831552029e+09,1.000000000000000000e+00,6.259514999389648438e+01
1.428345479885067940e+09,1.000000000000000000e+00,6.247518157958984375e+01
1.428345479924812078e+09,1.000000000000000000e+00,6.235506820678710938e+01
1.428345479968369961e+09,1.000000000000000000e+00,6.242715072631835938e+01
1.428345480003968000e+09,1.000000000000000000e+00,6.242870330810546875e+01
1.428345480035887957e+09,1.000000000000000000e+00,6.255031204223632812e+01
1.428345480070656061e+09,1.000000000000000000e+00,6.268730545043945312e+01
1.428345480127510071e+09,1.000000000000000000e+00,6.277228927612304688e+01
1.428345480167970896e+09,1.000000000000000000e+00,6.266857910156250000e+01
1.428345480211138010e+09,1.000000000000000000e+00,6.268698883056640625e+01
1.428345480244400978e+09,1.000000000000000000e+00,6.265441894531250000e+01
1.428345480289820910e+09,1.000000000000000000e+00,6.264664459228515625e+01
1.428345480323858023e+09,1.000000000000000000e+00,6.263915252685546875e+01
1.428345480354935884e+09,1.000000000000000000e+00,6.272857284545898438e+01
1.428345480385471106e+09,1.000000000000000000e+00,6.279087829589843750e+01
1.428345480415021896e+09,1.000000000000000000e+00,6.279845428466796875e+01
1.428345480450294018e+09,1.000000000000000000e+00,6.291427993774414062e+01
1.428345480500818014e+09,1.000000000000000000e+00,6.302678680419921875e+01
1.428345480550138950e+09,1.000000000000000000e+00,6.338184738159179688e+01
1.428345480637386084e+09,1.000000000000000000e+00,6.381337738037109375e+01
1.428345480665374994e+09,1.000000000000000000e+00,6.395811462402343750e+01
1.428345480690469980e+09,1.000000000000000000e+00,6.414086151123046875e+01
1.428345480731699944e+09,1.000000000000000000e+00,6.425896453857421875e+01
1.428345480759211063e+09,1.000000000000000000e+00,6.455377960205078125e+01
1.428345480786108971e+09,1.000000000000000000e+00,6.472589874267578125e+01
1.428345480827200890e+09,1.000000000000000000e+00,6.497005462646484375e+01
1.428345480862988949e+09,1.000000000000000000e+00,6.510813140869140625e+01
1.428345480887954950e+09,1.000000000000000000e+00,6.520065307617187500e+01
1.428345480929261923e+09,1.000000000000000000e+00,6.534755706787109375e+01
1.428345480961939096e+09,1.000000000000000000e+00,6.536725616455078125e+01
1.428345480996987104e+09,1.000000000000000000e+00,6.523736572265625000e+01
1.428345481045806885e+09,1.000000000000000000e+00,6.528562927246093750e+01
1.428345481115325928e+09,1.000000000000000000e+00,6.516101074218750000e+01
1.428345481181977987e+09,1.000000000000000000e+00,6.516178131103515625e+01
1.428345481205558062e+09,1.000000000000000000e+00,6.437237548828125000e+01
1.428345481240247011e+09,0.000000000000000000e+00,0.000000000000000000e+00
1.428345481279604912e+09,0.000000000000000000e+00,0.000000000000000000e+00
1.428345481314488888e+09,0.000000000000000000e+00,0.000000000000000000e+00
1.428345481348778963e+09,0.000000000000000000e+00,0.000000000000000000e+00
1.428345481381983042e+09,0.000000000000000000e+00,0.000000000000000000e+00
1.428345481431427002e+09,1.000000000000000000e+00,6.564352416992187500e+01
1.428345481473943949e+09,1.000000000000000000e+00,6.619427490234375000e+01
1.428345481510997057e+09,1.000000000000000000e+00,6.611161804199218750e+01
1.428345481536035061e+09,1.000000000000000000e+00,6.639812469482421875e+01
1.428345481573101044e+09,1.000000000000000000e+00,6.659024047851562500e+01
1.428345481599334002e+09,1.000000000000000000e+00,6.689387512207031250e+01
1.428345481631181002e+09,1.000000000000000000e+00,6.700705718994140625e+01
1.428345481665225029e+09,1.000000000000000000e+00,6.731958007812500000e+01
1.428345481708703995e+09,1.000000000000000000e+00,6.764743041992187500e+01
1.428345481740652084e+09,1.000000000000000000e+00,6.783223724365234375e+01
1.428345481763561964e+09,1.000000000000000000e+00,6.793701934814453125e+01
1.428345481788064003e+09,1.000000000000000000e+00,6.797874450683593750e+01
1.428345481835432053e+09,1.000000000000000000e+00,6.807595825195312500e+01
1.428345481865689993e+09,1.000000000000000000e+00,6.804531097412109375e+01
1.428345481892332077e+09,1.000000000000000000e+00,6.803379058837890625e+01
1.428345481939043999e+09,1.000000000000000000e+00,6.781620025634765625e+01
1.428345481974658012e+09,1.000000000000000000e+00,6.779164886474609375e+01
1.428345481993863106e+09,1.000000000000000000e+00,6.744399261474609375e+01
1.428345482043013096e+09,1.000000000000000000e+00,6.734877014160156250e+01
1.428345482066108942e+09,1.000000000000000000e+00,6.681074523925781250e+01
1.428345482098520041e+09,1.000000000000000000e+00,6.655895996093750000e+01
1.428345482128158092e+09,1.000000000000000000e+00,6.632894134521484375e+01
1.428345482171065092e+09,1.000000000000000000e+00,6.628476715087890625e+01
1.428345482197171926e+09,1.000000000000000000e+00,6.584764099121093750e+01
1.428345482242006063e+09,1.000000000000000000e+00,6.563528442382812500e+01
1.428345482274597883e+09,1.000000000000000000e+00,6.572826385498046875e+01
1.428345482298926115e+09,1.000000000000000000e+00,6.570620727539062500e+01
1.428345482325758934e+09,1.000000000000000000e+00,6.554178619384765625e+01
1.428345482371933937e+09,1.000000000000000000e+00,6.544996643066406250e+01
1.428345482409763098e+09,1.000000000000000000e+00,6.524151611328125000e+01
1.428345482446142912e+09,1.000000000000000000e+00,6.509416961669921875e+01
1.428345482481729984e+09,1.000000000000000000e+00,6.499702453613281250e+01
1.428345482514343023e+09,1.000000000000000000e+00,6.470579528808593750e+01
1.428345482551178932e+09,1.000000000000000000e+00,6.464685058593750000e+01
1.428345482588318110e+09,1.000000000000000000e+00,6.463722991943359375e+01
1.428345482613703012e+09,1.000000000000000000e+00,6.467859649658203125e+01
1.428345482650047064e+09,1.000000000000000000e+00,6.483811187744140625e+01
1.428345482690263033e+09,1.000000000000000000e+00,6.480477142333984375e+01
1.428345482715845108e+09,1.000000000000000000e+00,6.496810150146484375e+01
1.428345482752984047e+09,9.164302008066214089e-01,6.522321319580078125e+01
1.428345482776237011e+09,1.000000000000000000e+00,6.536240386962890625e+01
1.428345482815321922e+09,1.000000000000000000e+00,6.537305450439453125e+01
1.428345482844238043e+09,1.000000000000000000e+00,6.556246948242187500e+01
1.428345482893203020e+09,1.000000000000000000e+00,6.562908935546875000e+01
1.428345482930192947e+09,1.000000000000000000e+00,6.572032165527343750e+01
1.428345482983477116e+09,1.000000000000000000e+00,6.572299957275390625e+01
1.428345483022272110e+09,1.000000000000000000e+00,6.571814727783203125e+01
1.428345483084230900e+09,1.000000000000000000e+00,6.564575195312500000e+01
1.428345483119118929e+09,1.000000000000000000e+00,6.578122711181640625e+01
1.428345483159836054e+09,1.000000000000000000e+00,6.564356994628906250e+01
1.428345483188791037e+09,1.000000000000000000e+00,6.572581481933593750e+01
1.428345483214463949e+09,1.000000000000000000e+00,6.565565490722656250e+01
1.428345483247180939e+09,1.000000000000000000e+00,6.564179992675781250e+01
1.428345483315732956e+09,1.000000000000000000e+00,6.548695373535156250e+01
1.428345483353034019e+09,1.000000000000000000e+00,6.539331054687500000e+01
1.428345483392148972e+09,1.000000000000000000e+00,6.520484161376953125e+01
1.428345483428406000e+09,1.000000000000000000e+00,6.501296997070312500e+01
1.428345483462234974e+09,1.000000000000000000e+00,6.479203796386718750e+01
1.428345483502813101e+09,1.000000000000000000e+00,6.444832611083984375e+01
1.428345483535428047e+09,1.000000000000000000e+00,6.427618408203125000e+01
1.428345483571389914e+09,1.000000000000000000e+00,6.422243499755859375e+01
1.428345483608186007e+09,1.000000000000000000e+00,6.421409606933593750e+01
1.428345483647057056e+09,1.000000000000000000e+00,6.433898925781250000e+01
1.428345483695425987e+09,1.000000000000000000e+00,6.437055206298828125e+01
1.428345483721657991e+09,1.000000000000000000e+00,6.448032379150390625e+01
1.428345483755594969e+09,1.000000000000000000e+00,6.453412628173828125e+01
1.428345483777108908e+09,1.000000000000000000e+00,6.461653900146484375e+01
1.428345483826102018e+09,1.000000000000000000e+00,6.459348297119140625e+01
1.428345483874603987e+09,1.000000000000000000e+00,6.495826721191406250e+01
1.428345483904397011e+09,1.000000000000000000e+00,6.495356750488281250e+01
1.428345483938503027e+09,1.000000000000000000e+00,6.508278656005859375e+01
1.428345483971759081e+09,1.000000000000000000e+00,6.490668487548828125e+01
1.428345484007491112e+09,1.000000000000000000e+00,6.487979888916015625e+01
1.428345484032047033e+09,1.000000000000000000e+00,6.496322631835937500e+01
1.428345484068478107e+09,1.000000000000000000e+00,6.486668395996093750e+01
1.428345484103158951e+09,1.000000000000000000e+00,6.477042388916015625e+01
1.428345484157083035e+09,1.000000000000000000e+00,6.480458831787109375e+01
1.428345484187122107e+09,1.000000000000000000e+00,6.475298309326171875e+01
1.428345484230570078e+09,1.000000000000000000e+00,6.472141265869140625e+01
1.428345484263289928e+09,1.000000000000000000e+00,6.482294464111328125e+01
1.428345484303318024e+09,1.000000000000000000e+00,6.481615447998046875e+01
1.428345484343770027e+09,1.000000000000000000e+00,6.478423309326171875e+01
1.428345484382776022e+09,1.000000000000000000e+00,6.487311553955078125e+01
1.428345484419595003e+09,1.000000000000000000e+00,6.499517059326171875e+01
1.428345484455167055e+09,1.000000000000000000e+00,6.512471771240234375e+01
1.428345484489308119e+09,1.000000000000000000e+00,6.532943725585937500e+01
1.428345484523318052e+09,1.000000000000000000e+00,6.537123107910156250e+01
1.428345484576783895e+09,1.000000000000000000e+00,6.548043823242187500e+01
1.428345484603782892e+09,1.000000000000000000e+00,6.556777191162109375e+01
1.428345484646368027e+09,1.000000000000000000e+00,6.561943054199218750e+01
1.428345484679157972e+09,1.000000000000000000e+00,6.569983673095703125e+01
1.428345484711455107e+09,1.000000000000000000e+00,6.567456054687500000e+01
1.428345484755249023e+09,1.000000000000000000e+00,6.584351348876953125e+01
1.428345484796175957e+09,1.000000000000000000e+00,6.570232391357421875e+01
1.428345484831999063e+09,1.000000000000000000e+00,6.575920867919921875e+01
1.428345484863724947e+09,1.000000000000000000e+00,6.578910827636718750e+01
1.428345484921591043e+09,1.000000000000000000e+00,6.577830505371093750e+01
1.428345484963043928e+09,1.000000000000000000e+00,6.583212280273437500e+01
1.428345485000956059e+09,1.000000000000000000e+00,6.586975860595703125e+01
1.428345485054579973e+09,1.000000000000000000e+00,6.578549194335937500e+01
1.428345485078547955e+09,1.000000000000000000e+00,6.565665435791015625e+01
1.428345485112602949e+09,1.000000000000000000e+00,6.555360412597656250e+01
1.428345485147205114e+09,1.000000000000000000e+00,6.542021942138671875e+01
1.428345485186701059e+09,1.000000000000000000e+00,6.529550933837890625e+01
1.428345485215574980e+09,1.000000000000000000e+00,6.522551727294921875e+01
1.428345485550002098e+09,6.859294934700689295e-01,6.529860687255859375e+01
1.428345485582943916e+09,0.000000000000000000e+00,0.000000000000000000e+00
1.428345485622833014e+09,0.000000000000000000e+00,0.000000000000000000e+00
1.428345485648806095e+09,0.000000000000000000e+00,0.000000000000000000e+00
1.428345485746649027e+09,1.000000000000000000e+00,6.203169631958007812e+01
1.428345485794828892e+09,1.000000000000000000e+00,6.269280624389648438e+01
1.428345485829919100e+09,1.000000000000000000e+00,6.271580505371093750e+01
1.428345485867944956e+09,1.000000000000000000e+00,6.270716857910156250e+01
1.428345485902803898e+09,1.000000000000000000e+00,6.291947937011718750e+01
1.428345485939429998e+09,1.000000000000000000e+00,6.313427734375000000e+01
1.428345485970367908e+09,1.000000000000000000e+00,6.333336257934570312e+01
1.428345486011887074e+09,1.000000000000000000e+00,6.327817916870117188e+01
1.428345486052719116e+09,1.000000000000000000e+00,6.366514205932617188e+01
1.428345486082307100e+09,1.000000000000000000e+00,6.384287261962890625e+01
1.428345486120857954e+09,1.000000000000000000e+00,6.370053100585937500e+01
1.428345486151637077e+09,1.000000000000000000e+00,6.352218246459960938e+01
1.428345486197680950e+09,1.000000000000000000e+00,6.336588287353515625e+01
1.428345486241205931e+09,1.000000000000000000e+00,6.289595413208007812e+01
1.428345486286978960e+09,1.000000000000000000e+00,6.271906280517578125e+01
1.428345486321404934e+09,1.000000000000000000e+00,6.258744049072265625e+01
1.428345486349889040e+09,1.000000000000000000e+00,6.251480484008789062e+01
1.428345486383130074e+09,1.000000000000000000e+00,6.246950149536132812e+01
1.428345486414474964e+09,1.000000000000000000e+00,6.248027038574218750e+01
1.428345486440933943e+09,1.000000000000000000e+00,6.261417388916015625e+01
1.428345486483000040e+09,1.000000000000000000e+00,6.255754470825195312e+01
1.428345486518882036e+09,1.000000000000000000e+00,6.257383728027343750e+01
1.428345486547723055e+09,1.000000000000000000e+00,6.272327804565429688e+01
1.428345486612407923e+09,1.000000000000000000e+00,6.307806396484375000e+01
1.428345486644993067e+09,1.000000000000000000e+00,6.338753890991210938e+01
